epoch,time,train/box_loss,train/seg_loss,train/cls_loss,train/dfl_loss,metrics/precision(B),metrics/recall(B),metrics/mAP50(B),metrics/mAP50-95(B),metrics/precision(M),metrics/recall(M),metrics/mAP50(M),metrics/mAP50-95(M),val/box_loss,val/seg_loss,val/cls_loss,val/dfl_loss,lr/pg0,lr/pg1,lr/pg2
1,4.26279,0.8558,1.52108,3.9853,1.15729,0.32313,0.53462,0.23422,0.16504,0.32313,0.53462,0.24165,0.16296,0.57483,0.6791,4.54137,1.04008,6.668e-05,6.668e-05,6.668e-05
2,6.17175,0.62879,1.14557,2.82398,1.01057,0.55382,0.79231,0.69374,0.58329,0.53787,0.77308,0.68857,0.46831,0.50892,0.90325,2.91436,0.8125,0.000149287,0.000149287,0.000149287
3,8.48302,0.55041,0.73023,1.48131,0.90905,0.64418,0.9096,0.84019,0.69572,0.64418,0.9096,0.84019,0.51768,0.61234,1.51827,2.95811,0.83659,0.00023107,0.00023107,0.00023107
4,10.631,0.61826,0.78158,1.16324,0.94445,0.6379,0.68846,0.70793,0.6178,0.61435,0.66923,0.68766,0.50029,0.64712,1.13747,2.39017,0.89746,0.000312027,0.000312027,0.000312027
5,12.6797,0.63699,0.69466,1.16211,0.94293,0.47431,0.59131,0.60078,0.47373,0.53869,0.65,0.70278,0.4665,0.73503,1.16428,2.9863,0.93825,0.000392158,0.000392158,0.000392158
6,14.7126,0.59336,0.59431,1.10669,0.9257,0.71585,0.85,0.84309,0.69828,0.69366,0.81154,0.80109,0.57333,0.67189,1.53632,2.55111,0.86609,0.000471465,0.000471465,0.000471465
7,16.7872,0.59522,0.8262,1.06422,0.91463,0.63937,0.68652,0.74137,0.51175,0.57149,0.65052,0.65372,0.36016,0.8664,1.76087,2.56616,1.0114,0.000549947,0.000549947,0.000549947
8,18.7711,0.62861,0.65577,1.09248,0.92673,0.7238,0.80738,0.79922,0.61552,0.69821,0.76892,0.77814,0.50346,0.77749,1.88411,1.98955,0.96572,0.000627603,0.000627603,0.000627603
9,20.7686,0.70437,0.69996,0.94915,0.95262,0.68105,0.62089,0.66737,0.47366,0.61119,0.5223,0.60977,0.30118,1.17311,3.45859,2.18741,1.24518,0.000704434,0.000704434,0.000704434
10,22.7496,0.66427,0.59435,0.88215,0.93127,0.79851,0.61941,0.71347,0.49604,0.74484,0.58846,0.67395,0.38278,1.12664,3.0758,1.73107,1.16746,0.00078044,0.00078044,0.00078044
11,24.736,0.78203,0.66621,0.93543,1.00193,0.84922,0.5169,0.65311,0.47164,0.73534,0.47844,0.64356,0.33794,1.14479,3.12475,2.02073,1.26719,0.000855621,0.000855621,0.000855621
12,26.7014,0.73444,0.74935,0.92203,0.9586,0.5747,0.56923,0.54396,0.39031,0.50719,0.51154,0.4265,0.14374,1.22041,5.04038,2.06692,1.29976,0.000929977,0.000929977,0.000929977
13,28.6824,0.72719,0.78114,0.95077,0.96704,0.52017,0.68846,0.60996,0.44438,0.38501,0.48077,0.31955,0.12767,1.10308,9.72598,2.18239,1.19162,0.00100351,0.00100351,0.00100351
14,30.5918,0.73993,0.81645,0.84465,1.02103,0.54599,0.58663,0.54792,0.38737,0.50084,0.45892,0.44075,0.20802,1.10516,4.02316,2.11244,1.20241,0.00107621,0.00107621,0.00107621
15,32.5388,0.75952,0.76845,0.83126,0.99109,0.47991,0.51154,0.40616,0.31995,0.46124,0.30548,0.29157,0.08844,1.25403,4.7259,2.16331,1.30601,0.00114809,0.00114809,0.00114809
16,34.4683,0.73992,0.77127,0.917,1.02671,0.50864,0.58077,0.56089,0.43095,0.26246,0.28462,0.17297,0.07571,1.23831,4.28236,2.05421,1.26887,0.00121915,0.00121915,0.00121915
17,36.4223,0.70118,0.70897,0.84379,0.95385,0.55453,0.56923,0.5497,0.36368,0.5269,0.53916,0.43489,0.20931,1.48343,3.22397,1.85549,1.73485,0.00128938,0.00128938,0.00128938
18,38.3301,0.71547,0.71298,0.80319,0.95031,0.55199,0.78619,0.60072,0.46242,0.46214,0.66923,0.47954,0.28373,1.18798,2.31746,1.47914,1.43156,0.00135878,0.00135878,0.00135878
19,40.2524,0.64955,0.65289,0.75877,0.97056,0.53744,0.46522,0.48181,0.33398,0.4971,0.41549,0.40114,0.24815,1.29149,2.33526,1.83201,1.61091,0.00142736,0.00142736,0.00142736
20,42.1731,0.7247,0.6659,0.82108,0.96955,0.428,0.66708,0.49212,0.34558,0.5353,0.45385,0.45389,0.21999,1.17539,2.53377,2.24916,1.30994,0.00149512,0.00149512,0.00149512
21,44.1139,0.77269,0.6637,0.79774,0.98137,0.30754,0.46586,0.37139,0.2702,0.28126,0.44662,0.33,0.21174,1.22903,2.4065,2.8781,1.33903,0.00150197,0.00150197,0.00150197
22,46.043,0.73849,0.83377,0.85736,0.95571,0.49373,0.40769,0.41628,0.31393,0.27161,0.25769,0.1779,0.09425,1.17577,4.32224,2.94154,1.26204,0.00149372,0.00149372,0.00149372
23,47.9351,0.74685,0.9022,0.84832,0.97202,0.51125,0.26923,0.38938,0.25867,0.39993,0.43156,0.37006,0.19916,1.43114,2.63457,3.0089,1.48682,0.00148546,0.00148546,0.00148546
24,49.909,0.69868,0.91905,0.8537,0.97439,0.387,0.33846,0.23801,0.13758,0.387,0.33846,0.22,0.10807,1.78723,2.68224,3.09666,1.76599,0.00147721,0.00147721,0.00147721
25,51.8284,0.72681,0.78611,0.85955,1.01024,0.42878,0.40769,0.24352,0.15906,0.35901,0.30769,0.16785,0.10628,1.64513,2.84927,3.12822,1.72316,0.00146896,0.00146896,0.00146896
26,53.7449,0.69702,0.81962,0.84323,0.97567,0.43548,0.31435,0.22132,0.13681,0.2956,0.25769,0.18146,0.09069,1.57547,4.05656,3.07238,1.64911,0.00146071,0.00146071,0.00146071
27,55.6332,0.70501,0.72134,0.76566,0.99843,0.2595,0.27692,0.21701,0.13858,0.60358,0.16923,0.17863,0.11095,1.88816,4.59706,3.47228,1.87538,0.00145246,0.00145246,0.00145246
28,57.5665,0.75073,0.62618,0.83236,1.00483,0.33786,0.44146,0.34397,0.21366,0.29433,0.38462,0.29368,0.16223,1.35006,4.11571,5.86058,1.52465,0.00144421,0.00144421,0.00144421
29,59.4931,0.65654,0.62114,0.70778,0.94702,0.63249,0.54676,0.57039,0.4515,0.62309,0.57308,0.57434,0.29013,1.01461,2.84407,5.39408,1.31511,0.00143595,0.00143595,0.00143595
30,61.4421,0.73358,0.6546,0.80234,0.96037,0.22309,0.42692,0.37463,0.30865,0.22309,0.42692,0.37387,0.23484,0.9599,2.83107,12.7546,1.25105,0.0014277,0.0014277,0.0014277
31,63.3622,0.67892,0.60672,0.69677,0.94652,0.29275,0.42692,0.33182,0.2687,0.29275,0.42692,0.332,0.23304,0.84792,2.3738,116.789,1.14322,0.00141945,0.00141945,0.00141945
32,65.2864,0.66449,0.55497,0.69942,0.94167,0.3689,0.53615,0.38927,0.306,0.3668,0.51691,0.37053,0.25675,0.85594,2.06162,17.4424,1.06157,0.0014112,0.0014112,0.0014112
33,67.1992,0.6797,0.54779,0.65828,0.93079,0.76378,0.80973,0.86761,0.69799,0.7407,0.79128,0.81184,0.48249,0.78331,1.81156,1.69067,0.95547,0.00140295,0.00140295,0.00140295
34,69.0911,0.63495,0.58027,0.75456,0.94342,0.58683,0.88681,0.85729,0.67658,0.56781,0.85385,0.77391,0.39463,0.748,2.30433,1.11579,0.89903,0.0013947,0.0013947,0.0013947
35,70.9883,0.69528,0.55432,0.70222,0.94088,0.82176,0.55385,0.80907,0.64768,0.82176,0.55385,0.74682,0.36314,0.78621,2.28403,1.46685,0.92592,0.00138644,0.00138644,0.00138644
36,72.905,0.65864,0.66985,0.66959,0.94392,0.36514,0.78802,0.63951,0.51592,0.37624,0.78846,0.64788,0.37856,0.99164,1.89436,2.11374,1.27223,0.00137819,0.00137819,0.00137819
37,74.8116,0.61646,0.60424,0.64438,0.92868,0.47208,0.71154,0.60255,0.49719,0.47208,0.71154,0.58383,0.38317,0.90793,1.81545,1.95462,1.17156,0.00136994,0.00136994,0.00136994
38,76.693,0.65925,0.56846,0.68475,0.95829,0.60727,0.60748,0.57042,0.45437,0.55813,0.58825,0.53043,0.33426,0.99987,1.97075,1.89092,1.18543,0.00136169,0.00136169,0.00136169
39,78.6126,0.61151,0.65113,0.63719,0.90319,0.73917,0.50528,0.66439,0.50963,0.68374,0.48661,0.59353,0.3696,1.06133,1.86022,1.69413,1.18347,0.00135344,0.00135344,0.00135344
40,80.5017,0.63686,0.57604,0.58618,0.96057,0.8691,0.58775,0.79482,0.67937,0.8691,0.58775,0.78714,0.51811,0.68045,1.24803,1.41068,0.92714,0.00134519,0.00134519,0.00134519
41,82.4165,0.6708,0.57698,0.63771,0.94578,0.66021,0.71076,0.82495,0.71258,0.66021,0.71076,0.82968,0.58902,0.6954,1.25667,1.48996,0.94684,0.00133693,0.00133693,0.00133693
42,84.4464,0.61086,0.49659,0.63088,0.93445,0.69155,0.72649,0.84705,0.74484,0.57212,0.82716,0.81914,0.56159,0.67759,1.45329,1.43621,0.93617,0.00132868,0.00132868,0.00132868
43,86.3437,0.64603,0.58521,0.64762,0.94347,0.65647,0.87308,0.8147,0.70462,0.63658,0.85385,0.77983,0.52097,0.66598,1.51653,1.22121,0.92504,0.00132043,0.00132043,0.00132043
44,88.3063,0.65298,0.57011,0.64719,0.93549,0.80634,0.86648,0.90322,0.76485,0.80372,0.92057,0.91547,0.62061,0.63647,1.39707,1.30133,0.91022,0.00131218,0.00131218,0.00131218
45,90.2209,0.6302,0.56918,0.60112,0.90931,0.69722,0.83462,0.87912,0.73653,0.70068,0.83086,0.86452,0.60732,0.71061,1.41581,1.44594,0.9458,0.00130393,0.00130393,0.00130393
46,92.1521,0.59153,0.44409,0.5946,0.90118,0.76442,0.7,0.90121,0.73585,0.72988,0.68077,0.85694,0.58742,0.71357,1.4844,1.29405,0.92551,0.00129568,0.00129568,0.00129568
47,94.0583,0.58081,0.45636,0.62041,0.90365,0.71015,0.84654,0.89494,0.7365,0.67475,0.81148,0.82304,0.57981,0.7234,1.48748,1.01551,0.93213,0.00128742,0.00128742,0.00128742
48,95.9426,0.63885,0.53051,0.65736,0.94058,0.87319,0.91154,0.94129,0.77321,0.84995,0.85201,0.89306,0.61802,0.74148,1.7838,0.83701,0.95487,0.00127917,0.00127917,0.00127917
49,97.878,0.60264,0.47393,0.57612,0.91049,0.86608,0.9419,0.93664,0.78185,0.84862,0.92267,0.90965,0.64569,0.70727,1.61981,0.73655,0.92437,0.00127092,0.00127092,0.00127092
50,99.7917,0.62756,0.50298,0.58676,0.9181,0.89386,0.96154,0.94352,0.77905,0.89386,0.96154,0.93494,0.69613,0.70379,1.44233,0.73328,0.90837,0.00126267,0.00126267,0.00126267
51,101.699,0.62496,0.50714,0.6109,0.92018,0.86203,0.98077,0.94857,0.79106,0.84733,0.96154,0.91868,0.64523,0.66083,1.21784,0.76211,0.89827,0.00125442,0.00125442,0.00125442
52,103.593,0.55037,0.39682,0.5559,0.92178,0.97046,0.95463,0.98366,0.81939,0.97046,0.95463,0.98391,0.74036,0.62908,1.07904,0.60997,0.89736,0.00124617,0.00124617,0.00124617
53,105.551,0.63313,0.60608,0.61719,0.92314,0.87186,0.9414,0.9826,0.804,0.87186,0.9414,0.9826,0.71585,0.66524,0.94256,0.71764,0.94174,0.00123791,0.00123791,0.00123791
54,107.44,0.51389,0.48958,0.58593,0.8949,0.87052,0.96154,0.98611,0.82187,0.87052,0.96154,0.98611,0.73891,0.65087,0.93011,0.68719,0.93669,0.00122966,0.00122966,0.00122966
55,109.365,0.58114,0.50821,0.58844,0.90413,0.93982,0.89859,0.97739,0.82881,0.93982,0.89859,0.97739,0.72182,0.63989,0.91729,0.64412,0.92905,0.00122141,0.00122141,0.00122141
56,111.302,0.60562,0.45774,0.59176,0.90799,0.8675,0.96154,0.95367,0.80871,0.84834,0.94231,0.92418,0.6755,0.60302,0.87887,0.71187,0.9017,0.00121316,0.00121316,0.00121316
57,113.219,0.57589,0.4339,0.53512,0.89916,0.71965,0.99781,0.91392,0.7565,0.70532,0.97858,0.88958,0.63838,0.6208,0.88633,0.75621,0.91869,0.00120491,0.00120491,0.00120491
58,115.134,0.58308,0.46608,0.60003,0.93635,0.85852,0.98077,0.97344,0.80016,0.85218,0.97648,0.94674,0.66077,0.65125,0.90754,0.78105,0.92318,0.00119666,0.00119666,0.00119666
59,117.023,0.57134,0.47204,0.58662,0.92099,0.76813,0.94231,0.89208,0.71018,0.76525,0.94231,0.87168,0.57965,0.65433,0.94319,0.89082,0.92385,0.0011884,0.0011884,0.0011884
60,118.917,0.5619,0.45301,0.58683,0.91578,0.73894,0.89631,0.84126,0.73868,0.73025,0.92059,0.85038,0.60812,0.62249,0.95026,0.92883,0.89986,0.00118015,0.00118015,0.00118015
61,120.821,0.55226,0.42738,0.55633,0.90442,0.77896,0.92308,0.87577,0.73693,0.77896,0.92308,0.87913,0.62762,0.62086,0.94809,0.89757,0.8996,0.0011719,0.0011719,0.0011719
62,122.697,0.52302,0.40516,0.52633,0.8935,0.84294,0.78251,0.91034,0.7752,0.84294,0.78251,0.91034,0.61622,0.61225,0.94843,0.83375,0.91691,0.00116365,0.00116365,0.00116365
63,124.601,0.51459,0.43351,0.50256,0.88526,0.89814,0.81874,0.93305,0.80794,0.89814,0.81874,0.93305,0.65432,0.58217,0.98335,0.82255,0.91019,0.0011554,0.0011554,0.0011554
64,126.494,0.51467,0.3957,0.53516,0.89753,0.76999,0.91902,0.92925,0.80367,0.77138,0.9167,0.92255,0.69068,0.56898,1.19401,0.83805,0.86399,0.00114715,0.00114715,0.00114715
65,128.354,0.51109,0.4089,0.54245,0.86964,0.81195,0.90385,0.8975,0.77044,0.80458,0.88462,0.88677,0.63585,0.5593,1.08541,0.73477,0.86888,0.00113889,0.00113889,0.00113889
66,130.237,0.5792,0.44615,0.55564,0.92283,0.82654,0.96251,0.93719,0.8085,0.89273,0.88462,0.92857,0.6626,0.58443,1.09976,0.6554,0.88162,0.00113064,0.00113064,0.00113064
67,132.126,0.50902,0.41025,0.5158,0.87639,0.82362,0.93499,0.94241,0.80988,0.84322,0.95394,0.95466,0.71217,0.57522,0.99221,0.64525,0.87221,0.00112239,0.00112239,0.00112239
68,134.012,0.53723,0.43454,0.51768,0.91851,0.7649,0.94231,0.91659,0.80853,0.77912,0.92308,0.88933,0.68861,0.58172,1.06125,0.78908,0.88312,0.00111414,0.00111414,0.00111414
69,135.907,0.49075,0.43755,0.47144,0.87693,0.76488,0.92308,0.91473,0.81282,0.75214,0.90385,0.88958,0.71512,0.57955,0.97164,0.78751,0.88775,0.00110589,0.00110589,0.00110589
70,137.784,0.50983,0.37492,0.51224,0.87231,0.83908,0.94231,0.93986,0.83278,0.83478,0.94231,0.92608,0.73956,0.55649,0.9012,0.70984,0.87345,0.00109764,0.00109764,0.00109764
71,139.703,0.52083,0.66294,0.57954,0.89356,0.89364,0.95388,0.95929,0.85863,0.91141,0.9721,0.96676,0.74458,0.52387,0.87829,0.61784,0.86503,0.00108938,0.00108938,0.00108938
72,141.66,0.53651,0.42333,0.50913,0.90117,0.93324,0.9479,0.95878,0.84366,0.95176,0.9667,0.98276,0.69803,0.54097,1.02638,0.56093,0.88615,0.00108113,0.00108113,0.00108113
73,143.567,0.51803,0.41521,0.46721,0.89912,0.87862,0.96708,0.94488,0.83987,0.89588,0.98614,0.96863,0.67923,0.52607,1.13062,0.56111,0.89029,0.00107288,0.00107288,0.00107288
74,145.478,0.491,0.387,0.47623,0.86782,0.85825,0.96154,0.94331,0.82527,0.89247,1,0.96469,0.65563,0.58184,1.21397,0.59565,0.91842,0.00106463,0.00106463,0.00106463
75,147.361,0.5145,0.44071,0.50788,0.90035,0.89154,0.93893,0.93979,0.81163,0.92489,0.97683,0.96208,0.66505,0.62966,1.27358,0.64734,0.93233,0.00105638,0.00105638,0.00105638
76,149.273,0.53395,0.43258,0.50307,0.89169,0.77932,0.97352,0.92553,0.82558,0.78407,1,0.93182,0.66396,0.54212,1.17746,0.70722,0.89109,0.00104813,0.00104813,0.00104813
77,151.193,0.48828,0.39732,0.4828,0.86982,0.89667,0.82083,0.9189,0.82282,0.89667,0.82083,0.92449,0.68215,0.52135,1.06401,0.67879,0.87302,0.00103987,0.00103987,0.00103987
78,153.1,0.4937,0.41168,0.49332,0.89153,0.94157,0.88077,0.94948,0.83084,0.94157,0.88077,0.94975,0.69997,0.566,1.03589,0.57905,0.90542,0.00103162,0.00103162,0.00103162
79,154.99,0.45974,0.36735,0.46062,0.86444,0.96411,0.96513,0.97588,0.84946,0.96411,0.96513,0.97427,0.68814,0.56249,1.02146,0.52618,0.88987,0.00102337,0.00102337,0.00102337
80,156.901,0.48449,0.44805,0.49723,0.89523,0.95682,0.95903,0.97812,0.86025,0.95682,0.95903,0.96149,0.69042,0.54658,1.06439,0.47853,0.90003,0.00101512,0.00101512,0.00101512
81,158.79,0.53237,0.37349,0.55939,0.92981,0.93883,0.98077,0.97844,0.85473,0.9211,0.96154,0.95676,0.68784,0.52661,1.07393,0.51093,0.87755,0.00100687,0.00100687,0.00100687
82,160.679,0.49637,0.38451,0.46779,0.9022,0.94256,0.9975,0.96832,0.86051,0.92524,0.97827,0.94548,0.67415,0.52833,1.05232,0.51044,0.87915,0.000998616,0.000998616,0.000998616
83,162.562,0.49363,0.4538,0.47262,0.89417,0.94258,1,0.97899,0.85166,0.92541,0.98077,0.96104,0.68699,0.54837,1.106,0.50855,0.89976,0.000990365,0.000990365,0.000990365
84,164.451,0.4598,0.57328,0.46858,0.8852,0.96247,0.90818,0.95439,0.81719,0.96247,0.90818,0.95469,0.67275,0.53158,1.24311,0.52866,0.88891,0.000982113,0.000982113,0.000982113
85,166.361,0.47056,0.60761,0.51802,0.88921,0.96203,0.95103,0.98093,0.83226,0.96203,0.95103,0.98093,0.66505,0.54103,1.23595,0.54601,0.90488,0.000973861,0.000973861,0.000973861
86,168.263,0.48513,0.46819,0.48551,0.91081,0.78513,0.90845,0.91586,0.74843,0.78513,0.90845,0.91586,0.56528,0.59707,1.32527,1.09674,0.93552,0.00096561,0.00096561,0.00096561
87,170.17,0.48924,0.54122,0.49781,0.87413,0.7494,0.8484,0.8674,0.72213,0.7494,0.8484,0.85616,0.52823,0.58141,1.3223,1.15533,0.91671,0.000957358,0.000957358,0.000957358
88,172.082,0.48395,0.42843,0.49056,0.86462,0.73321,0.98077,0.92012,0.78401,0.73321,0.98077,0.92012,0.6176,0.54623,1.07357,0.78787,0.90278,0.000949106,0.000949106,0.000949106
89,173.981,0.47884,0.39959,0.4895,0.88121,0.85255,0.87282,0.92406,0.79161,0.85255,0.87282,0.92406,0.61212,0.54691,1.04926,0.73196,0.89714,0.000940855,0.000940855,0.000940855
90,175.921,0.41899,0.42257,0.41178,0.85746,0.87837,0.86154,0.92348,0.78513,0.87837,0.86154,0.92348,0.62315,0.52545,0.99674,0.72322,0.88197,0.000932603,0.000932603,0.000932603
91,177.818,0.44716,0.39538,0.46235,0.85824,0.884,0.86154,0.91649,0.80259,0.884,0.86154,0.91649,0.61932,0.48794,1.00238,0.81657,0.86801,0.000924352,0.000924352,0.000924352
92,179.733,0.46408,0.39103,0.4692,0.87109,0.84692,0.91926,0.92039,0.80239,0.84692,0.91926,0.92066,0.60146,0.54018,0.99791,0.74218,0.89031,0.0009161,0.0009161,0.0009161
93,181.639,0.48532,0.39398,0.46472,0.88386,0.86147,0.89303,0.9225,0.79367,0.86147,0.89303,0.9225,0.60293,0.5654,1.0136,0.70047,0.91126,0.000907848,0.000907848,0.000907848
94,183.544,0.48356,0.41369,0.44491,0.87951,0.92154,0.86946,0.9437,0.80315,0.90389,0.85385,0.94021,0.62523,0.5589,1.02498,0.64938,0.89387,0.000899597,0.000899597,0.000899597
95,185.427,0.47789,0.39526,0.44104,0.8628,0.92016,0.85385,0.95628,0.79043,0.87682,0.78462,0.86711,0.60286,0.56951,1.10984,0.68909,0.89284,0.000891345,0.000891345,0.000891345
96,187.333,0.42772,0.36148,0.43882,0.85732,0.94576,0.95435,0.98486,0.83075,0.94576,0.95435,0.98486,0.6498,0.54003,1.14306,0.56386,0.88117,0.000883093,0.000883093,0.000883093
97,189.235,0.48708,0.38745,0.4509,0.88876,0.93519,0.98077,0.97322,0.85255,0.93519,0.98077,0.97322,0.63049,0.53027,1.08602,0.56701,0.88158,0.000874842,0.000874842,0.000874842
98,191.119,0.4329,0.36269,0.46141,0.85299,0.92751,0.98077,0.97037,0.86219,0.92751,0.98077,0.97037,0.65835,0.52214,1.02808,0.59678,0.88456,0.00086659,0.00086659,0.00086659
99,193.008,0.46502,0.34114,0.46084,0.88695,0.90879,0.96154,0.96839,0.85847,0.90879,0.96154,0.96839,0.6675,0.50646,1.03927,0.62925,0.87651,0.000858338,0.000858338,0.000858338
100,194.942,0.43481,0.38368,0.44163,0.86199,0.89264,0.96154,0.95757,0.8499,0.86454,0.93077,0.90911,0.66641,0.50751,1.22283,0.63119,0.86888,0.000850087,0.000850087,0.000850087
101,196.822,0.43743,0.34094,0.45125,0.8825,0.91674,0.95402,0.96581,0.86386,0.90538,0.91154,0.92233,0.68574,0.50092,1.25141,0.56573,0.8698,0.000841835,0.000841835,0.000841835
102,198.703,0.43431,0.33798,0.42555,0.86811,0.9151,0.96154,0.96201,0.85324,0.88197,0.93077,0.91809,0.67026,0.50391,1.18702,0.53827,0.87771,0.000833583,0.000833583,0.000833583
103,200.587,0.46646,0.33516,0.41881,0.85996,0.83553,0.92295,0.93196,0.81446,0.85104,0.94164,0.94374,0.65062,0.49411,1.14947,0.5787,0.88068,0.000825332,0.000825332,0.000825332
104,202.518,0.41551,0.28822,0.40563,0.85232,0.9049,0.84231,0.89968,0.76721,0.816,0.94267,0.90259,0.64237,0.50678,1.13431,0.59932,0.88737,0.00081708,0.00081708,0.00081708
105,204.386,0.42251,0.37451,0.41228,0.86478,0.90017,0.90119,0.94063,0.81069,0.90017,0.90119,0.94063,0.68824,0.5011,1.13332,0.53521,0.88441,0.000808828,0.000808828,0.000808828
106,206.292,0.44056,0.32598,0.3978,0.86494,0.90509,0.98903,0.97348,0.83512,0.88845,0.97005,0.96309,0.70424,0.49147,1.09586,0.49632,0.87929,0.000800577,0.000800577,0.000800577
107,208.195,0.42251,0.29797,0.39828,0.86807,0.94122,0.97998,0.98174,0.87367,0.92084,0.9646,0.97154,0.72342,0.49104,1.06292,0.4589,0.87787,0.000792325,0.000792325,0.000792325
108,210.081,0.41139,0.30575,0.38602,0.85127,0.91934,0.94266,0.97749,0.84759,0.91934,0.94266,0.97749,0.74089,0.45541,1.02479,0.45531,0.85095,0.000784073,0.000784073,0.000784073
109,211.983,0.42074,0.34965,0.39439,0.85776,0.9071,0.93554,0.98255,0.86169,0.9071,0.93554,0.98255,0.72767,0.46791,1.02596,0.47681,0.85119,0.000775822,0.000775822,0.000775822
110,213.864,0.40743,0.32512,0.38866,0.86303,0.95682,0.84585,0.95159,0.84314,0.95682,0.84585,0.95159,0.71248,0.47291,1.07028,0.50224,0.84813,0.00076757,0.00076757,0.00076757
111,215.757,0.39236,0.34407,0.40448,0.84712,0.95351,0.9,0.93448,0.84941,0.95351,0.9,0.93448,0.6882,0.46309,1.09391,0.50778,0.84439,0.000759318,0.000759318,0.000759318
112,217.667,0.41975,0.34208,0.42039,0.8605,0.96639,0.95,0.96113,0.87338,0.96639,0.95,0.96113,0.70898,0.45799,1.13139,0.45982,0.83988,0.000751067,0.000751067,0.000751067
113,219.541,0.42708,0.33022,0.40828,0.86435,0.98531,0.94485,0.97,0.87431,0.98531,0.94485,0.97,0.71587,0.45857,1.12837,0.43688,0.84139,0.000742815,0.000742815,0.000742815
114,221.461,0.41786,0.31024,0.42623,0.86717,0.99127,0.92385,0.96944,0.86801,0.99127,0.92385,0.96944,0.71317,0.44831,1.15392,0.44543,0.83502,0.000734564,0.000734564,0.000734564
115,223.358,0.39096,0.28833,0.41005,0.84374,0.96882,0.93077,0.96841,0.86596,0.96882,0.93077,0.96841,0.6995,0.46024,1.1986,0.47934,0.84167,0.000726312,0.000726312,0.000726312
116,225.261,0.37812,0.29428,0.36508,0.85137,0.95952,0.95585,0.97964,0.86307,0.95952,0.95585,0.98316,0.70603,0.4796,1.15684,0.48189,0.85188,0.00071806,0.00071806,0.00071806
117,227.151,0.37881,0.33104,0.39849,0.84517,0.9889,0.90385,0.97557,0.8666,0.9889,0.90385,0.98217,0.72282,0.47375,1.08697,0.512,0.8497,0.000709809,0.000709809,0.000709809
118,229.018,0.39965,0.30327,0.397,0.85135,0.93633,0.85551,0.96372,0.86477,0.93633,0.85551,0.97023,0.7185,0.45062,1.03913,0.57359,0.84175,0.000701557,0.000701557,0.000701557
119,230.904,0.40158,0.30348,0.39695,0.87638,0.95341,0.83959,0.98015,0.88405,0.95341,0.83959,0.98444,0.73044,0.44429,1.02642,0.54492,0.84118,0.000693305,0.000693305,0.000693305
120,232.835,0.39412,0.33719,0.36734,0.8537,0.92867,0.94547,0.98579,0.89669,0.92477,0.98077,0.98813,0.72591,0.47011,1.0091,0.48218,0.85408,0.000685054,0.000685054,0.000685054
121,234.771,0.39297,0.30975,0.40187,0.86379,0.90033,0.96154,0.98177,0.88044,0.91944,0.98077,0.98583,0.72582,0.47842,1.0183,0.49143,0.85865,0.000676802,0.000676802,0.000676802
122,236.649,0.42749,0.39116,0.40824,0.86657,0.96604,0.90654,0.98143,0.88821,0.92185,0.98077,0.98615,0.73069,0.48224,1.06418,0.45259,0.8602,0.00066855,0.00066855,0.00066855
123,238.594,0.4096,0.2978,0.36928,0.86195,0.97917,0.96019,0.98597,0.89456,0.97201,0.96364,0.99104,0.73599,0.47144,1.07569,0.4356,0.86115,0.000660299,0.000660299,0.000660299
124,240.512,0.46209,0.43292,0.41447,0.90133,0.974,0.97737,0.98753,0.89386,0.974,0.97737,0.989,0.7084,0.47238,1.12353,0.4387,0.87197,0.000652047,0.000652047,0.000652047
125,242.431,0.44699,0.29603,0.41067,0.89069,0.96144,0.97798,0.98898,0.891,0.90518,0.92906,0.93704,0.70776,0.46155,1.17728,0.45654,0.86086,0.000643795,0.000643795,0.000643795
126,244.311,0.37965,0.30097,0.37501,0.85712,0.96904,0.97599,0.98874,0.89218,0.91076,0.92755,0.93704,0.70891,0.46051,1.22631,0.45888,0.8598,0.000635544,0.000635544,0.000635544
127,246.198,0.37602,0.28276,0.35682,0.85684,0.97217,0.97858,0.98753,0.88295,0.92258,0.92909,0.93146,0.69908,0.46462,1.23698,0.44683,0.85987,0.000627292,0.000627292,0.000627292
128,248.124,0.4092,0.31273,0.39174,0.85579,0.96682,0.98077,0.97977,0.88227,0.91663,0.93077,0.9225,0.72631,0.45789,1.19282,0.42822,0.85837,0.00061904,0.00061904,0.00061904
129,250.009,0.35206,0.30435,0.34178,0.8472,0.94641,0.98077,0.97612,0.87539,0.94641,0.98077,0.97828,0.72534,0.46767,1.1475,0.44093,0.8597,0.000610789,0.000610789,0.000610789
130,251.87,0.34185,0.2975,0.33095,0.84161,0.94093,0.98077,0.9736,0.87797,0.94093,0.98077,0.97495,0.73513,0.46202,1.13827,0.44397,0.86277,0.000602537,0.000602537,0.000602537
131,253.777,0.34908,0.2821,0.35023,0.85815,0.93509,0.98077,0.97228,0.86685,0.93509,0.98077,0.9739,0.7287,0.45782,1.14469,0.44998,0.85902,0.000594286,0.000594286,0.000594286
132,255.659,0.38527,0.29775,0.34878,0.86383,0.93647,0.96241,0.97507,0.86689,0.90487,0.93077,0.92832,0.74363,0.47176,1.17677,0.45488,0.85264,0.000586034,0.000586034,0.000586034
133,257.576,0.37808,0.30752,0.3771,0.85031,0.95704,0.96154,0.9787,0.86546,0.971,0.98016,0.97503,0.73791,0.47568,1.21973,0.44439,0.85512,0.000577782,0.000577782,0.000577782
134,259.476,0.38887,0.35208,0.39942,0.8558,0.95979,0.96154,0.9771,0.85957,0.96039,0.9678,0.97496,0.7228,0.48139,1.24626,0.443,0.85484,0.000569531,0.000569531,0.000569531
135,261.353,0.37494,0.29483,0.35557,0.84935,0.92431,0.97462,0.96484,0.84811,0.92431,0.97462,0.97148,0.72747,0.47148,1.2246,0.44785,0.85537,0.000561279,0.000561279,0.000561279
136,263.252,0.39681,0.29461,0.37889,0.86556,0.92743,0.98077,0.97322,0.87742,0.92743,0.98077,0.98031,0.73976,0.43301,1.13038,0.42037,0.85328,0.000553027,0.000553027,0.000553027
137,265.159,0.36044,0.28588,0.35817,0.84171,0.92867,0.98077,0.97263,0.88489,0.92867,0.98077,0.97999,0.75611,0.41672,1.11166,0.40386,0.85007,0.000544776,0.000544776,0.000544776
138,267.102,0.37333,0.27704,0.35273,0.83586,0.92497,0.95478,0.97326,0.88501,0.92497,0.95478,0.98148,0.7718,0.43236,1.092,0.40972,0.85268,0.000536524,0.000536524,0.000536524
139,269.031,0.35592,0.28941,0.34849,0.84794,0.91614,0.94874,0.97392,0.88077,0.91614,0.94874,0.97989,0.76953,0.45821,1.09996,0.42319,0.85778,0.000528272,0.000528272,0.000528272
140,270.941,0.35013,0.27552,0.33575,0.85042,0.91177,0.96352,0.97573,0.87781,0.91177,0.96352,0.97864,0.75565,0.4636,1.12285,0.42181,0.85509,0.000520021,0.000520021,0.000520021
141,272.832,0.36285,0.30996,0.34373,0.84794,0.94923,0.93753,0.97701,0.8793,0.94923,0.93753,0.97738,0.74914,0.45413,1.11891,0.42176,0.85324,0.000511769,0.000511769,0.000511769
142,274.698,0.32832,0.24689,0.32207,0.8356,0.96769,0.96154,0.9757,0.88533,0.96769,0.96154,0.9757,0.73559,0.44142,1.12339,0.43363,0.852,0.000503517,0.000503517,0.000503517
143,276.584,0.32912,0.25941,0.31047,0.84457,0.96486,0.96311,0.977,0.88821,0.96486,0.96311,0.977,0.71255,0.43287,1.17592,0.42167,0.85022,0.000495266,0.000495266,0.000495266
144,278.551,0.33921,0.29196,0.32038,0.84388,0.94175,0.9713,0.97778,0.89059,0.94175,0.9713,0.97778,0.70301,0.42817,1.26935,0.40691,0.85698,0.000487014,0.000487014,0.000487014
145,280.573,0.36298,0.27465,0.35954,0.86262,0.93256,0.98077,0.97778,0.89049,0.93256,0.98077,0.97778,0.70151,0.42001,1.29016,0.40608,0.85713,0.000478762,0.000478762,0.000478762
146,282.536,0.34012,0.27183,0.338,0.84347,0.9352,0.97238,0.97854,0.89398,0.9352,0.97238,0.97854,0.70668,0.42595,1.28408,0.40012,0.85521,0.000470511,0.000470511,0.000470511
147,284.527,0.35498,0.28961,0.3335,0.83314,0.94496,0.96778,0.98201,0.89635,0.94496,0.96778,0.98201,0.71433,0.437,1.27035,0.40512,0.85251,0.000462259,0.000462259,0.000462259
148,286.451,0.34373,0.25287,0.32278,0.85005,0.96655,0.9773,0.98749,0.91389,0.96655,0.9773,0.98749,0.73639,0.41579,1.19477,0.37825,0.84289,0.000454007,0.000454007,0.000454007
149,288.43,0.34201,0.2719,0.33395,0.83729,0.97012,0.98077,0.99008,0.93043,0.97012,0.98077,0.99008,0.73811,0.39811,1.14869,0.36193,0.8388,0.000445756,0.000445756,0.000445756
150,290.391,0.32613,0.26855,0.30576,0.83075,0.96803,0.98077,0.98874,0.92934,0.96803,0.98077,0.98874,0.73277,0.38502,1.09256,0.35714,0.83647,0.000437504,0.000437504,0.000437504
151,292.295,0.31079,0.27976,0.31603,0.84689,0.95168,0.98077,0.98882,0.91919,0.95168,0.98077,0.98882,0.72434,0.39034,1.02706,0.36874,0.84113,0.000429253,0.000429253,0.000429253
152,294.213,0.34108,0.25406,0.3299,0.84553,0.92016,0.99052,0.98486,0.91244,0.96799,0.96006,0.98672,0.73648,0.41984,0.96872,0.37921,0.85187,0.000421001,0.000421001,0.000421001
153,296.097,0.34326,0.26254,0.33647,0.84404,0.94331,0.94622,0.98486,0.91552,0.95896,0.96987,0.98672,0.74934,0.4048,0.93472,0.37872,0.8461,0.000412749,0.000412749,0.000412749
154,297.994,0.34306,0.33343,0.38983,0.853,0.94732,0.94231,0.98369,0.92194,0.95972,0.95572,0.98466,0.75559,0.38816,0.9373,0.36192,0.83993,0.000404498,0.000404498,0.000404498
155,299.928,0.35557,0.3087,0.3504,0.8438,0.95993,0.94231,0.984,0.91687,0.95993,0.94231,0.984,0.75745,0.38196,0.96785,0.3548,0.83699,0.000396246,0.000396246,0.000396246
156,301.845,0.33038,0.27825,0.35128,0.84877,0.95467,0.94644,0.97754,0.89412,0.95467,0.94644,0.97754,0.74541,0.40529,0.9758,0.37394,0.83679,0.000387994,0.000387994,0.000387994
157,303.719,0.3451,0.31299,0.35049,0.84023,0.97247,0.95666,0.97898,0.88184,0.97247,0.95666,0.97898,0.74258,0.40337,0.97092,0.37718,0.8305,0.000379743,0.000379743,0.000379743
158,305.605,0.31862,0.2736,0.33053,0.84168,0.94718,0.98133,0.98047,0.89037,0.94718,0.98133,0.98047,0.74894,0.39729,0.97152,0.38411,0.82458,0.000371491,0.000371491,0.000371491
159,307.465,0.32534,0.26224,0.32501,0.82935,0.95558,0.98712,0.98222,0.90765,0.95558,0.98712,0.98222,0.75127,0.38064,1.00825,0.39165,0.81549,0.000363239,0.000363239,0.000363239
160,309.374,0.32046,0.26404,0.30342,0.85379,0.88609,1,0.97768,0.91628,0.88609,1,0.97768,0.73385,0.36778,1.04093,0.39241,0.80984,0.000354988,0.000354988,0.000354988
161,311.26,0.31686,0.24911,0.31804,0.85149,0.88934,0.96665,0.97768,0.91175,0.88934,0.96665,0.97768,0.73339,0.37007,1.09984,0.40468,0.812,0.000346736,0.000346736,0.000346736
162,313.154,0.33901,0.26116,0.33837,0.84574,0.92936,0.9581,0.98222,0.9133,0.92936,0.9581,0.98222,0.74415,0.36181,1.10114,0.39023,0.81165,0.000338484,0.000338484,0.000338484
163,315.162,0.30219,0.23932,0.28438,0.84371,0.94979,0.96154,0.9787,0.90759,0.94979,0.96154,0.9787,0.72239,0.3503,1.08533,0.38837,0.8062,0.000330233,0.000330233,0.000330233
164,317.052,0.30411,0.25557,0.29115,0.84422,0.93674,0.9983,0.97753,0.90816,0.93674,0.9983,0.97753,0.73375,0.35472,1.12507,0.38662,0.80095,0.000321981,0.000321981,0.000321981
165,318.946,0.31721,0.28046,0.30299,0.83668,0.93218,0.99472,0.98148,0.90973,0.93218,0.99472,0.98148,0.72269,0.37281,1.12575,0.38504,0.80346,0.000313729,0.000313729,0.000313729
166,320.851,0.33268,0.24869,0.31194,0.85039,0.96254,1,0.98148,0.90845,0.96254,1,0.98148,0.7341,0.38195,1.11206,0.38906,0.80784,0.000305478,0.000305478,0.000305478
167,322.742,0.319,0.22889,0.28709,0.8667,0.92131,1,0.97768,0.90622,0.92131,1,0.97768,0.74391,0.38782,1.10027,0.3869,0.81027,0.000297226,0.000297226,0.000297226
168,324.65,0.32243,0.28773,0.31874,0.8504,0.95817,0.99362,0.98019,0.90683,0.95817,0.99362,0.98019,0.77014,0.36825,1.03708,0.38471,0.806,0.000288974,0.000288974,0.000288974
169,326.511,0.3037,0.25411,0.32724,0.84965,0.96358,1,0.97944,0.90561,0.96358,1,0.97944,0.75446,0.36926,1.01446,0.37966,0.80292,0.000280723,0.000280723,0.000280723
170,328.401,0.29299,0.21389,0.3058,0.86836,0.96272,0.99519,0.9787,0.88473,0.96272,0.99519,0.9787,0.72684,0.38186,1.00981,0.38476,0.81134,0.000272471,0.000272471,0.000272471
171,330.324,0.29498,0.23033,0.30737,0.8391,0.96515,0.99162,0.97796,0.87968,0.96515,0.99162,0.97796,0.73694,0.41075,1.01339,0.37878,0.8378,0.00026422,0.00026422,0.00026422
172,332.226,0.34928,0.30157,0.31414,0.84692,0.97039,0.98724,0.97796,0.87644,0.97039,0.98724,0.97796,0.72781,0.43093,1.00428,0.38306,0.85393,0.000255968,0.000255968,0.000255968
173,334.123,0.27653,0.236,0.28453,0.8095,0.97215,0.99284,0.97796,0.87449,0.97215,0.99284,0.97796,0.7303,0.42887,0.98216,0.38407,0.85331,0.000247716,0.000247716,0.000247716
174,336.04,0.30393,0.22789,0.29749,0.84916,0.96638,0.98077,0.97758,0.87818,0.96638,0.98077,0.97758,0.7401,0.42755,0.97799,0.3847,0.85302,0.000239465,0.000239465,0.000239465
175,337.942,0.28256,0.22851,0.28083,0.84458,0.96146,0.98077,0.97758,0.88717,0.96146,0.98077,0.97758,0.73262,0.42832,0.99223,0.38549,0.85603,0.000231213,0.000231213,0.000231213
176,339.847,0.32383,0.2703,0.3247,0.84487,0.94821,1,0.97758,0.88823,0.94821,1,0.97758,0.75976,0.41323,0.98357,0.37476,0.84643,0.000222961,0.000222961,0.000222961
177,341.753,0.29598,0.26718,0.31665,0.82766,0.94242,0.99661,0.9763,0.88468,0.94242,0.99661,0.9763,0.76671,0.40961,0.98511,0.37262,0.84466,0.00021471,0.00021471,0.00021471
178,343.635,0.3081,0.29019,0.30211,0.85015,0.95475,1,0.97796,0.88371,0.95475,1,0.97796,0.76222,0.41463,0.98782,0.36958,0.85101,0.000206458,0.000206458,0.000206458
179,345.508,0.27441,0.22161,0.29902,0.81824,0.9636,1,0.97796,0.89065,0.9636,1,0.97796,0.76166,0.41189,0.97151,0.36321,0.85218,0.000198206,0.000198206,0.000198206
180,347.385,0.31192,0.23402,0.29861,0.86198,0.96289,0.99621,0.97944,0.89867,0.96289,0.99621,0.97944,0.75867,0.40769,0.95127,0.36007,0.84729,0.000189955,0.000189955,0.000189955
181,349.286,0.30059,0.23482,0.2957,0.85326,0.96411,0.98689,0.98019,0.8952,0.96411,0.98689,0.98019,0.75731,0.40696,0.94213,0.35506,0.84613,0.000181703,0.000181703,0.000181703
182,351.188,0.29619,0.2262,0.29041,0.82517,0.9589,0.98587,0.98019,0.89545,0.9589,0.98587,0.98019,0.75983,0.40495,0.93786,0.36048,0.84264,0.000173451,0.000173451,0.000173451
183,353.067,0.2914,0.25608,0.31723,0.83256,0.95143,0.98519,0.97944,0.89486,0.95143,0.98519,0.97944,0.76332,0.40532,0.94299,0.35904,0.84306,0.0001652,0.0001652,0.0001652
184,354.945,0.28051,0.22811,0.27162,0.84214,0.95829,0.96946,0.98019,0.90048,0.95829,0.96946,0.98019,0.76795,0.40031,0.95646,0.36256,0.84399,0.000156948,0.000156948,0.000156948
185,356.834,0.26587,0.23787,0.28145,0.8331,0.96429,0.96494,0.98019,0.90632,0.96429,0.96494,0.98019,0.76983,0.39953,0.96384,0.36205,0.8434,0.000148696,0.000148696,0.000148696
186,358.723,0.28267,0.22547,0.29008,0.8197,0.96344,0.96548,0.97944,0.90037,0.96344,0.96548,0.97944,0.7718,0.39659,0.96612,0.36297,0.84528,0.000140445,0.000140445,0.000140445
187,360.593,0.31051,0.23967,0.29255,0.84278,0.96409,0.96651,0.9787,0.89913,0.96409,0.96651,0.9787,0.76416,0.39269,0.96973,0.36324,0.84513,0.000132193,0.000132193,0.000132193
188,362.483,0.28696,0.25541,0.28073,0.82681,0.95076,0.98019,0.9787,0.90053,0.95076,0.98019,0.9787,0.75434,0.38847,0.98049,0.3671,0.84878,0.000123941,0.000123941,0.000123941
189,364.368,0.28684,0.21221,0.27697,0.82981,0.9513,0.98518,0.97796,0.89885,0.9513,0.98518,0.97796,0.75892,0.38574,0.99024,0.36391,0.84681,0.00011569,0.00011569,0.00011569
190,366.282,0.25309,0.20993,0.28223,0.82121,0.95087,0.98486,0.9787,0.89979,0.95087,0.98486,0.9787,0.75985,0.38638,0.99835,0.36302,0.84775,0.000107438,0.000107438,0.000107438
191,388.316,0.21815,0.17871,0.25755,0.80733,0.95067,0.98215,0.97944,0.88972,0.95067,0.98215,0.97944,0.76012,0.38904,1.01064,0.36103,0.84823,9.91865e-05,9.91865e-05,9.91865e-05
192,390.576,0.22837,0.17928,0.23701,0.82305,0.94824,1,0.97796,0.88946,0.94824,1,0.97796,0.75493,0.38801,1.03604,0.36323,0.84957,9.09349e-05,9.09349e-05,9.09349e-05
193,392.623,0.22276,0.16892,0.24151,0.82198,0.94243,1,0.97796,0.89407,0.94243,1,0.97796,0.74774,0.38637,1.04225,0.36446,0.85021,8.26832e-05,8.26832e-05,8.26832e-05
194,394.605,0.22946,0.20282,0.24189,0.79223,0.9449,1,0.98019,0.89641,0.9449,1,0.98019,0.74743,0.38368,1.04581,0.36394,0.84936,7.44316e-05,7.44316e-05,7.44316e-05
195,396.588,0.24028,0.17409,0.26746,0.80392,0.9497,1,0.97944,0.89377,0.9497,1,0.97944,0.74352,0.38271,1.05411,0.36394,0.84995,6.61799e-05,6.61799e-05,6.61799e-05
196,398.544,0.22934,0.18116,0.25074,0.81685,0.95562,0.99953,0.98019,0.89743,0.95562,0.99953,0.98019,0.74604,0.38121,1.05347,0.35564,0.85149,5.79283e-05,5.79283e-05,5.79283e-05
197,400.461,0.24779,0.18414,0.23837,0.80017,0.95667,1,0.98019,0.89886,0.95667,1,0.98019,0.74455,0.38106,1.05917,0.36006,0.85151,4.96766e-05,4.96766e-05,4.96766e-05
198,402.365,0.21538,0.17059,0.24299,0.79224,0.95654,1,0.98019,0.89853,0.95654,1,0.98019,0.74221,0.38598,1.06004,0.35981,0.85159,4.1425e-05,4.1425e-05,4.1425e-05
199,404.214,0.22266,0.17015,0.23559,0.79038,0.9577,0.99972,0.98093,0.89945,0.9577,0.99972,0.98093,0.74319,0.3888,1.06039,0.35766,0.85165,3.31733e-05,3.31733e-05,3.31733e-05
200,406.105,0.2186,0.17375,0.22342,0.79406,0.95984,0.99928,0.98148,0.89997,0.95984,0.99928,0.98148,0.74372,0.38994,1.06235,0.35399,0.85124,2.49217e-05,2.49217e-05,2.49217e-05
